﻿tmc,road,direction,intersection,state,county,zip,start_latitude,start_longitude,end_latitude,end_longitude,miles,road_order,timezone_name,type,country,active_start_date,active_end_date
112P09576,FM-528,NORTHBOUND,TX-35/N ALVIN BYP,TX,BRAZORIA,77511,29.44747,-95.23879,29.4481,-95.23845,0.047988,2.0,America/Chicago,P1.11,USA,2024-08-01 14:00:00-04:00,null
112-09579,FM-528,SOUTHBOUND,BLACKHAWK BLVD,TX,HARRIS,77511,29.52231,-95.16191,29.52147,-95.16945,0.457935,10.0,America/Chicago,P1.11,USA,2024-08-01 14:00:00-04:00,null
112P09575,FM-528,NORTHBOUND,TX-35C/N GORDON ST,TX,BRAZORIA,77511,29.44123,-95.24486,29.44126,-95.24401,0.051285,1.001,America/Chicago,P1.11,USA,2024-08-01 14:00:00-04:00,null
112-09578,FM-528,SOUTHBOUND,FM-518/S FRIENDSWOOD DR,TX,GALVESTON,77511,29.52145,-95.16964,29.50926,-95.1884,1.464349,12.0,America/Chicago,P1.11,USA,2024-08-01 14:00:00-04:00,null
112+09580,FM-528,NORTHBOUND,W BAY AREA BLVD,TX,HARRIS,77511,29.52147,-95.16945,29.52231,-95.16191,0.457935,8.0,America/Chicago,P1.11,USA,2024-08-01 14:00:00-04:00,null
112P09578,FM-528,NORTHBOUND,FM-518/S FRIENDSWOOD DR,TX,GALVESTON,77511,29.50917,-95.18851,29.50926,-95.1884,0.009074,5.0,America/Chicago,P1.11,USA,2024-08-01 14:00:00-04:00,null
112-09577,FM-528,SOUTHBOUND,CR-133/MOORE RD/LUNDY LN,TX,GALVESTON,77511,29.50917,-95.18851,29.47146,-95.22244,3.405006,14.0,America/Chicago,P1.11,USA,2024-08-01 14:00:00-04:00,null
112-09576,FM-528,SOUTHBOUND,TX-35/N ALVIN BYP,TX,BRAZORIA,77511,29.47146,-95.22244,29.4481,-95.23845,1.876228,15.0,America/Chicago,P1.11,USA,2024-08-01 14:00:00-04:00,null
112+09582,FM-528,NORTHBOUND,TX-3/OLD GALVESTON RD,TX,HARRIS,77573,29.52902,-95.13,29.5376,-95.11807,0.932154,12.0,America/Chicago,P1.11,USA,2024-08-01 14:00:00-04:00,null
112+09581,FM-528,NORTHBOUND,I-45/US-75/GULF FWY/I-45 FRONTAGE,TX,HARRIS,77573,29.52233,-95.16174,29.52807,-95.13135,1.908413,10.0,America/Chicago,P1.11,USA,2024-08-01 14:00:00-04:00,null
112+09584,FM-528,NORTHBOUND,SPACE CENTER BLVD,TX,HARRIS,77586,29.54727,-95.10197,29.55822,-95.07508,1.830197,15.0,America/Chicago,P1.11,USA,2024-08-01 14:00:00-04:00,null
112+09583,FM-528,NORTHBOUND,FM-270/EL CAMINO REAL BLVD,TX,HARRIS,77573,29.54167,-95.11214,29.54544,-95.10662,0.422254,14.0,America/Chicago,P1.11,USA,2024-08-01 14:00:00-04:00,null
112N09582,FM-528,SOUTHBOUND,TX-3/OLD GALVESTON RD,TX,HARRIS,77573,29.53766,-95.11798,29.5376,-95.11807,0.006816,5.0,America/Chicago,P1.11,USA,2024-08-01 14:00:00-04:00,null
112N09581,FM-528,SOUTHBOUND,I-45/US-75/GULF FWY/I-45 FRONTAGE,TX,HARRIS,77573,29.52913,-95.1301,29.52818,-95.13145,0.104389,7.0,America/Chicago,P1.11,USA,2024-08-01 14:00:00-04:00,null
112+15845,FM-528,NORTHBOUND,NASA BYP (NORTH),TX,HARRIS,77573,29.54571,-95.10618,29.54727,-95.10197,0.276413,14.001,America/Chicago,P1.11,USA,2024-08-01 14:00:00-04:00,null
112N09580,FM-528,SOUTHBOUND,W BAY AREA BLVD,TX,HARRIS,77511,29.52233,-95.16174,29.52231,-95.16191,0.010333,9.0,America/Chicago,P1.11,USA,2024-08-01 14:00:00-04:00,null
112N09586,FM-528,SOUTHBOUND,TX-146/BAYPORT BLVD,TX,HARRIS,77586,29.56387,-95.0257,29.56367,-95.0266,0.059881,3.002,America/Chicago,P1.11,USA,2024-08-01 14:00:00-04:00,null
112+15844,FM-528,NORTHBOUND,NASA BYP (SOUTH),TX,HARRIS,77573,29.53766,-95.11798,29.54127,-95.11293,0.393597,13.001,America/Chicago,P1.11,USA,2024-08-01 14:00:00-04:00,null
112N15844,FM-528,SOUTHBOUND,NASA BYP (SOUTH),TX,HARRIS,77573,29.54149,-95.113,29.54144,-95.11307,0.005444,4.001,America/Chicago,P1.11,USA,2024-08-01 14:00:00-04:00,null
112+09586,FM-528,NORTHBOUND,TX-146/BAYPORT BLVD,TX,HARRIS,77586,29.5666,-95.05868,29.56367,-95.0266,2.18797,17.0,America/Chicago,P1.11,USA,2024-08-01 14:00:00-04:00,null
112+09585,FM-528,NORTHBOUND,KIRBY BLVD,TX,HARRIS,77586,29.55822,-95.07508,29.5666,-95.05868,1.246472,16.0,America/Chicago,P1.11,USA,2024-08-01 14:00:00-04:00,null
112-09575,FM-528,SOUTHBOUND,TX-35C/N GORDON ST,TX,BRAZORIA,77511,29.44747,-95.23879,29.44126,-95.24401,0.545899,17.0,America/Chicago,P1.11,USA,2024-08-01 14:00:00-04:00,null
112P09579,FM-528,NORTHBOUND,BLACKHAWK BLVD,TX,HARRIS,77511,29.52145,-95.16964,29.52147,-95.16945,0.01153,7.0,America/Chicago,P1.11,USA,2024-08-01 14:00:00-04:00,null
112P09586,FM-528,NORTHBOUND,TX-146/BAYPORT BLVD,TX,HARRIS,77586,29.56367,-95.0266,29.56387,-95.0257,0.059881,15.001,America/Chicago,P1.11,USA,2024-08-01 14:00:00-04:00,null
112P09582,FM-528,NORTHBOUND,TX-3/OLD GALVESTON RD,TX,HARRIS,77573,29.5376,-95.11807,29.53766,-95.11798,0.006816,13.0,America/Chicago,P1.11,USA,2024-08-01 14:00:00-04:00,null
112-15845,FM-528,SOUTHBOUND,NASA BYP (NORTH),TX,HARRIS,77573,29.55822,-95.07508,29.54737,-95.10203,1.82631,3.001,America/Chicago,P1.11,USA,2024-08-01 14:00:00-04:00,null
112-15844,FM-528,SOUTHBOUND,NASA BYP (SOUTH),TX,HARRIS,77573,29.54597,-95.1066,29.54149,-95.113,0.494258,3.001,America/Chicago,P1.11,USA,2024-08-01 14:00:00-04:00,null
112P09581,FM-528,NORTHBOUND,I-45/US-75/GULF FWY/I-45 FRONTAGE,TX,HARRIS,77573,29.52807,-95.13135,29.52902,-95.13,0.104399,11.0,America/Chicago,P1.11,USA,2024-08-01 14:00:00-04:00,null
112P09580,FM-528,NORTHBOUND,W BAY AREA BLVD,TX,HARRIS,77511,29.52231,-95.16191,29.52233,-95.16174,0.010333,9.0,America/Chicago,P1.11,USA,2024-08-01 14:00:00-04:00,null
112N09576,FM-528,SOUTHBOUND,TX-35/N ALVIN BYP,TX,BRAZORIA,77511,29.4481,-95.23845,29.44747,-95.23879,0.047988,16.0,America/Chicago,P1.11,USA,2024-08-01 14:00:00-04:00,null
112N09575,FM-528,SOUTHBOUND,TX-35C/N GORDON ST,TX,BRAZORIA,77511,29.44126,-95.24401,29.44123,-95.24486,0.051285,17.001,America/Chicago,P1.11,USA,2024-08-01 14:00:00-04:00,null
112P15844,FM-528,NORTHBOUND,NASA BYP (SOUTH),TX,HARRIS,77573,29.54127,-95.11293,29.54167,-95.11214,0.055002,14.001,America/Chicago,P1.11,USA,2024-08-01 14:00:00-04:00,null
112N09579,FM-528,SOUTHBOUND,BLACKHAWK BLVD,TX,HARRIS,77511,29.52147,-95.16945,29.52145,-95.16964,0.01153,11.0,America/Chicago,P1.11,USA,2024-08-01 14:00:00-04:00,null
112N09578,FM-528,SOUTHBOUND,FM-518/S FRIENDSWOOD DR,TX,GALVESTON,77511,29.50926,-95.1884,29.50917,-95.18851,0.009074,13.0,America/Chicago,P1.11,USA,2024-08-01 14:00:00-04:00,null
112-09582,FM-528,SOUTHBOUND,TX-3/OLD GALVESTON RD,TX,HARRIS,77573,29.54144,-95.11307,29.53766,-95.11798,0.395956,4.0,America/Chicago,P1.11,USA,2024-08-01 14:00:00-04:00,null
112-09581,FM-528,SOUTHBOUND,I-45/US-75/GULF FWY/I-45 FRONTAGE,TX,HARRIS,77573,29.5376,-95.11807,29.52913,-95.1301,0.931081,6.0,America/Chicago,P1.11,USA,2024-08-01 14:00:00-04:00,null
112-09580,FM-528,SOUTHBOUND,W BAY AREA BLVD,TX,HARRIS,77511,29.52818,-95.13145,29.52233,-95.16174,1.909226,8.0,America/Chicago,P1.11,USA,2024-08-01 14:00:00-04:00,null
112+09577,FM-528,NORTHBOUND,CR-133/MOORE RD/LUNDY LN,TX,BRAZORIA,77511,29.4481,-95.23845,29.47146,-95.22244,1.876228,3.0,America/Chicago,P1.11,USA,2024-08-01 14:00:00-04:00,null
112+09576,FM-528,NORTHBOUND,TX-35/N ALVIN BYP,TX,BRAZORIA,77511,29.44126,-95.24401,29.44747,-95.23879,0.545899,1.0,America/Chicago,P1.11,USA,2024-08-01 14:00:00-04:00,null
112+09579,FM-528,NORTHBOUND,BLACKHAWK BLVD,TX,GALVESTON,77511,29.50926,-95.1884,29.52145,-95.16964,1.464349,6.0,America/Chicago,P1.11,USA,2024-08-01 14:00:00-04:00,null
112-09585,FM-528,SOUTHBOUND,KIRBY BLVD,TX,HARRIS,77586,29.56367,-95.0266,29.5666,-95.05868,2.18797,1.0,America/Chicago,P1.11,USA,2024-08-01 14:00:00-04:00,null
112+09578,FM-528,NORTHBOUND,FM-518/S FRIENDSWOOD DR,TX,GALVESTON,77511,29.47146,-95.22244,29.50917,-95.18851,3.405006,4.0,America/Chicago,P1.11,USA,2024-08-01 14:00:00-04:00,null
112-09584,FM-528,SOUTHBOUND,SPACE CENTER BLVD,TX,HARRIS,77586,29.5666,-95.05868,29.55822,-95.07508,1.246472,2.0,America/Chicago,P1.11,USA,2024-08-01 14:00:00-04:00,null
112-09583,FM-528,SOUTHBOUND,FM-270/EL CAMINO REAL BLVD,TX,HARRIS,77573,29.54737,-95.10203,29.54601,-95.1065,0.285518,3.0,America/Chicago,P1.11,USA,2024-08-01 14:00:00-04:00,null
