﻿tmc,road,direction,intersection,state,county,zip,start_latitude,start_longitude,end_latitude,end_longitude,miles,road_order,timezone_name,type,country,active_start_date,active_end_date
112P09576,FM-528,NORTHBOUND,TX-35/ALVIN BYP,TX,BRAZORIA,77511,29.44747,-95.23879,29.4481,-95.23845,0.048096,2.0,America/Chicago,P1.11,USA,2024-04-09 14:00:00-04:00,null
112-09579,FM-528,SOUTHBOUND,BLACKHAWK BLVD,TX,HARRIS,77546,29.52231,-95.16191,29.52147,-95.16945,0.457089,10.0,America/Chicago,P1.11,USA,2024-04-09 14:00:00-04:00,null
112P09575,FM-528,NORTHBOUND,TX-35C/N GORDON ST,TX,BRAZORIA,77511,29.44123,-95.24486,29.44126,-95.24401,0.051187,1.5,America/Chicago,P1.11,USA,2024-04-09 14:00:00-04:00,null
112-09578,FM-528,SOUTHBOUND,S FRIENDSWOOD DR,TX,GALVESTON,77546,29.52145,-95.16964,29.50926,-95.1884,1.464421,12.0,America/Chicago,P1.11,USA,2024-04-09 14:00:00-04:00,null
112+09580,FM-528,NORTHBOUND,W BAY AREA BLVD,TX,HARRIS,77546,29.52147,-95.16945,29.52231,-95.16191,0.457089,8.0,America/Chicago,P1.11,USA,2024-04-09 14:00:00-04:00,null
112P09578,FM-528,NORTHBOUND,S FRIENDSWOOD DR,TX,GALVESTON,77546,29.50917,-95.18851,29.50926,-95.1884,0.009078,5.0,America/Chicago,P1.11,USA,2024-04-09 14:00:00-04:00,null
112-09577,FM-528,SOUTHBOUND,MOORE RD/LUNDY LN,TX,GALVESTON,77546,29.50917,-95.18851,29.47146,-95.22244,3.408871,14.0,America/Chicago,P1.11,USA,2024-04-09 14:00:00-04:00,null
112-09576,FM-528,SOUTHBOUND,TX-35/ALVIN BYP,TX,BRAZORIA,77511,29.47146,-95.22244,29.4481,-95.23845,1.879651,15.0,America/Chicago,P1.11,USA,2024-04-09 14:00:00-04:00,null
112+09582,FM-528,NORTHBOUND,TX-3/GALVESTON RD,TX,HARRIS,77598,29.52902,-95.13,29.5376,-95.11807,0.932272,12.0,America/Chicago,P1.11,USA,2024-04-09 14:00:00-04:00,null
112+09581,FM-528,NORTHBOUND,I-45/GULF FWY,TX,HARRIS,77598,29.52233,-95.16174,29.52807,-95.13135,1.905455,10.0,America/Chicago,P1.11,USA,2024-04-09 14:00:00-04:00,null
112+09584,FM-528,NORTHBOUND,SPACE CENTER BLVD,TX,HARRIS,77058,29.54726,-95.102,29.55822,-95.07508,1.830433,15.0,America/Chicago,P1.11,USA,2024-04-09 14:00:00-04:00,null
112+09583,FM-528,NORTHBOUND,FM-270/EL CAMINO REAL,TX,HARRIS,77598,29.54167,-95.11214,29.54544,-95.10662,0.422249,14.0,America/Chicago,P1.11,USA,2024-04-09 14:00:00-04:00,null
112N09582,FM-528,SOUTHBOUND,TX-3/GALVESTON RD,TX,HARRIS,77598,29.53766,-95.11798,29.5376,-95.11807,0.006816,5.0,America/Chicago,P1.11,USA,2024-04-09 14:00:00-04:00,null
112N09581,FM-528,SOUTHBOUND,I-45/GULF FWY,TX,HARRIS,77598,29.52913,-95.1301,29.52818,-95.13145,0.104397,7.0,America/Chicago,P1.11,USA,2024-04-09 14:00:00-04:00,null
112+15845,FM-528,NORTHBOUND,NASA BYP (NORTH),TX,HARRIS,77058,29.54571,-95.10618,29.54726,-95.102,0.274241,14.001,America/Chicago,P1.11,USA,2024-04-09 14:00:00-04:00,null
112N09580,FM-528,SOUTHBOUND,W BAY AREA BLVD,TX,HARRIS,77598,29.52233,-95.16174,29.52231,-95.16191,0.010314,9.0,America/Chicago,P1.11,USA,2024-04-09 14:00:00-04:00,null
112N09586,FM-528,SOUTHBOUND,TX-146/BAYPORT BLVD,TX,HARRIS,77586,29.56393,-95.0258,29.5639,-95.02617,0.022333,1.5,America/Chicago,P1.11,USA,2024-04-09 14:00:00-04:00,null
112+15844,FM-528,NORTHBOUND,NASA BYP (SOUTH),TX,HARRIS,77598,29.53766,-95.11798,29.54127,-95.11293,0.393643,13.001,America/Chicago,P1.11,USA,2024-04-09 14:00:00-04:00,null
112N15844,FM-528,SOUTHBOUND,NASA BYP (SOUTH),TX,HARRIS,77598,29.54149,-95.113,29.54144,-95.11307,0.005444,4.001,America/Chicago,P1.11,USA,2024-04-09 14:00:00-04:00,null
112+09586,FM-528,NORTHBOUND,TX-146/BAYPORT BLVD,TX,HARRIS,77586,29.5666,-95.05868,29.5639,-95.02617,2.217099,17.0,America/Chicago,P1.11,USA,2024-04-09 14:00:00-04:00,null
112+09585,FM-528,NORTHBOUND,KIRBY RD,TX,HARRIS,77586,29.55822,-95.07508,29.5666,-95.05868,1.246149,16.0,America/Chicago,P1.11,USA,2024-04-09 14:00:00-04:00,null
112-09575,FM-528,SOUTHBOUND,TX-35 BUS/GORDON ST,TX,BRAZORIA,77511,29.44747,-95.23879,29.44126,-95.24401,0.54665,17.0,America/Chicago,P1.11,USA,2024-04-09 14:00:00-04:00,null
112P09579,FM-528,NORTHBOUND,BLACKHAWK BLVD,TX,HARRIS,77546,29.52145,-95.16964,29.52147,-95.16945,0.011509,7.0,America/Chicago,P1.11,USA,2024-04-09 14:00:00-04:00,null
112P09586,FM-528,NORTHBOUND,TX-146/BAYPORT BLVD,TX,HARRIS,77586,29.5639,-95.02617,29.56393,-95.0258,0.022333,16.5,America/Chicago,P1.11,USA,2024-04-09 14:00:00-04:00,null
112P09582,FM-528,NORTHBOUND,TX-3/GALVESTON RD,TX,HARRIS,77598,29.5376,-95.11807,29.53766,-95.11798,0.006816,13.0,America/Chicago,P1.11,USA,2024-04-09 14:00:00-04:00,null
112-15845,FM-528,SOUTHBOUND,NASA BYP (NORTH),TX,HARRIS,77058,29.55822,-95.07508,29.54737,-95.10203,1.824573,3.001,America/Chicago,P1.11,USA,2024-04-09 14:00:00-04:00,null
112-15844,FM-528,SOUTHBOUND,NASA BYP (SOUTH),TX,HARRIS,77598,29.54597,-95.1066,29.54149,-95.113,0.494289,3.001,America/Chicago,P1.11,USA,2024-04-09 14:00:00-04:00,null
112P09581,FM-528,NORTHBOUND,I-45/GULF FWY,TX,HARRIS,77598,29.52807,-95.13135,29.52902,-95.13,0.104407,11.0,America/Chicago,P1.11,USA,2024-04-09 14:00:00-04:00,null
112P09580,FM-528,NORTHBOUND,W BAY AREA BLVD,TX,HARRIS,77598,29.52231,-95.16191,29.52233,-95.16174,0.010314,9.0,America/Chicago,P1.11,USA,2024-04-09 14:00:00-04:00,null
112N09576,FM-528,SOUTHBOUND,TX-35/ALVIN BYP,TX,BRAZORIA,77511,29.4481,-95.23845,29.44747,-95.23879,0.048096,16.0,America/Chicago,P1.11,USA,2024-04-09 14:00:00-04:00,null
112N09575,FM-528,SOUTHBOUND,TX-35C/N GORDON ST,TX,BRAZORIA,77511,29.44126,-95.24401,29.44123,-95.24486,0.051187,16.5,America/Chicago,P1.11,USA,2024-04-09 14:00:00-04:00,null
112P15844,FM-528,NORTHBOUND,NASA BYP (SOUTH),TX,HARRIS,77598,29.54127,-95.11293,29.54167,-95.11214,0.054966,14.001,America/Chicago,P1.11,USA,2024-04-09 14:00:00-04:00,null
112N09579,FM-528,SOUTHBOUND,BLACKHAWK BLVD,TX,HARRIS,77546,29.52147,-95.16945,29.52145,-95.16964,0.011509,11.0,America/Chicago,P1.11,USA,2024-04-09 14:00:00-04:00,null
112N09578,FM-528,SOUTHBOUND,S FRIENDSWOOD DR,TX,GALVESTON,77546,29.50926,-95.1884,29.50917,-95.18851,0.009078,13.0,America/Chicago,P1.11,USA,2024-04-09 14:00:00-04:00,null
112-09582,FM-528,SOUTHBOUND,TX-3/GALVESTON RD,TX,HARRIS,77598,29.54144,-95.11307,29.53766,-95.11798,0.396071,4.0,America/Chicago,P1.11,USA,2024-04-09 14:00:00-04:00,null
112-09581,FM-528,SOUTHBOUND,I-45/GULF FWY,TX,HARRIS,77598,29.5376,-95.11807,29.52913,-95.1301,0.931152,6.0,America/Chicago,P1.11,USA,2024-04-09 14:00:00-04:00,null
112-09580,FM-528,SOUTHBOUND,W BAY AREA BLVD,TX,HARRIS,77598,29.52818,-95.13145,29.52233,-95.16174,1.906317,8.0,America/Chicago,P1.11,USA,2024-04-09 14:00:00-04:00,null
112+09577,FM-528,NORTHBOUND,MOORE RD/LUNDY LN,TX,BRAZORIA,77511,29.4481,-95.23845,29.47146,-95.22244,1.879651,3.0,America/Chicago,P1.11,USA,2024-04-09 14:00:00-04:00,null
112+09576,FM-528,NORTHBOUND,TX-35/ALVIN BYP,TX,BRAZORIA,77511,29.44126,-95.24401,29.44747,-95.23879,0.54665,1.0,America/Chicago,P1.11,USA,2024-04-09 14:00:00-04:00,null
112+09579,FM-528,NORTHBOUND,BLACKHAWK BLVD,TX,GALVESTON,77546,29.50926,-95.1884,29.52145,-95.16964,1.464421,6.0,America/Chicago,P1.11,USA,2024-04-09 14:00:00-04:00,null
112-09585,FM-528,SOUTHBOUND,KIRBY RD,TX,HARRIS,77586,29.5639,-95.02617,29.5666,-95.05868,2.217099,1.0,America/Chicago,P1.11,USA,2024-04-09 14:00:00-04:00,null
112+09578,FM-528,NORTHBOUND,S FRIENDSWOOD DR,TX,GALVESTON,77546,29.47146,-95.22244,29.50917,-95.18851,3.408871,4.0,America/Chicago,P1.11,USA,2024-04-09 14:00:00-04:00,null
112-09584,FM-528,SOUTHBOUND,SPACE CENTER BLVD,TX,HARRIS,77586,29.5666,-95.05868,29.55822,-95.07508,1.246149,2.0,America/Chicago,P1.11,USA,2024-04-09 14:00:00-04:00,null
112-09583,FM-528,SOUTHBOUND,FM-270/EL CAMINO REAL,TX,HARRIS,77058,29.54737,-95.10203,29.54601,-95.1065,0.285126,3.0,America/Chicago,P1.11,USA,2024-04-09 14:00:00-04:00,null
